{
    "ndcg_mean_values_cn": [
        0.4650044523597509,
        0.6039026963897564,
        0.6309511786543474,
        0.6478712409537691
    ],
    "ndcg_mean_values_en": [
        0.5520926090828134,
        0.6810590957133031,
        0.7029262192514613,
        0.7164140515714507
    ]
}