{
    "ndcg_mean_values_cn": [
        0.46565295169946314,
        0.6049444836966972,
        0.6317626044546977,
        0.6486459516056532
    ],
    "ndcg_mean_values_en": [
        0.5520572450805015,
        0.6810971648712029,
        0.7028384115094435,
        0.7163654285873465
    ]
}